,AAPL,GOOGL,MSFT
AAPL,1.0,0.8576807041602824,0.7770541536485708
GOOGL,0.8576807041602824,1.0,0.9124245082360063
MSFT,0.7770541536485708,0.9124245082360063,1.0
